Time,Position-x,Position-y,Position-z,Orientation-x,Orientation-y,Orientation-w,Orientation-z
1192.697,9.095787505727536,-2.7385757334140965,0.0,0.0,0.0,0.7648435680333896,0.6442160479512706
1192.799,9.095795320985834,-2.738530422585736,0.0,0.0,0.0,0.7648424374382524,0.644217390244561
1192.799,9.095795320985834,-2.738530422585736,0.0,0.0,0.0,0.7648424374382524,0.644217390244561
1192.897,9.095808741690231,-2.738452611429019,0.0,0.0,0.0,0.7648425814493851,0.6442172192683464
1192.997,9.095814323470375,-2.738420249101613,0.0,0.0,0.0,0.7648425123247826,0.644217301336059
1193.099,9.095823108728645,-2.738369313487437,0.0,0.0,0.0,0.7648424789478147,0.6442173409626302
1193.199,9.09583034543928,-2.7383273561270154,0.0,0.0,0.0,0.7648425065332091,0.6442173082120644
1193.199,9.09583034543928,-2.7383273561270154,0.0,0.0,0.0,0.7648425065332091,0.6442173082120644
1193.299,9.095837293288154,-2.738287073528229,0.0,0.0,0.0,0.7648425032587548,0.6442173120996374
1193.391,9.095841754677423,-2.738261207060538,0.0,0.0,0.0,0.7648424762414308,0.6442173441757653
1193.491,9.095849277356306,-2.7382175912125453,0.0,0.0,0.0,0.7648414677275819,0.6442185415247829
1193.591,9.09585773872169,-2.73816853253994,0.0,0.0,0.0,0.7648414278123519,0.6442185889137032
1193.692,9.095865749180664,-2.738122088161357,0.0,0.0,0.0,0.7648415136822877,0.6442184869655534
1193.692,9.095865749180664,-2.738122088161357,0.0,0.0,0.0,0.7648415136822877,0.6442184869655534
1193.792,9.095873138706784,-2.7380792452291116,0.0,0.0,0.0,0.7648432473505181,0.6442164286808543
1193.892,9.095881211494358,-2.738032441047675,0.0,0.0,0.0,0.7648431880994503,0.6442164990264289
1193.993,9.095889560354637,-2.7379840362435974,0.0,0.0,0.0,0.7648432131692662,0.6442164692623997
1194.095,9.095897440879993,-2.7379383466970517,0.0,0.0,0.0,0.7648422135313214,0.6442176560763517
1194.196,9.095906299927545,-2.7378869830825696,0.0,0.0,0.0,0.7648423106955337,0.644217540718907
1194.196,9.095906299927545,-2.7378869830825696,0.0,0.0,0.0,0.7648423106955337,0.644217540718907
1194.297,9.09591367223989,-2.73784423935942,0.0,0.0,0.0,0.7648423405106819,0.6442175053211006
1194.399,9.09592140053999,-2.7377994316676637,0.0,0.0,0.0,0.7648422411824837,0.644217623247731
1194.499,9.095928698438492,-2.737757119339363,0.0,0.0,0.0,0.7648422498196735,0.644217612993296
1194.499,9.095928698438492,-2.737757119339363,0.0,0.0,0.0,0.7648422498196735,0.644217612993296
1194.599,9.09594214980199,-2.7376791300710153,0.0,0.0,0.0,0.7648422955693791,0.6442175586773172
1194.69,9.095945536592545,-2.7376594938049457,0.0,0.0,0.0,0.7648421558412299,0.644217724568441
1194.79,9.095952663953913,-2.737618169653435,0.0,0.0,0.0,0.764841312896172,0.644218725346648
1194.891,9.095960940340197,-2.7375701833295465,0.0,0.0,0.0,0.7648412649685297,0.6442187822481888
1194.891,9.095960940340197,-2.7375701833295465,0.0,0.0,0.0,0.7648412649685297,0.6442187822481888
1194.991,9.095968012297362,-2.7375291802255615,0.0,0.0,0.0,0.764841233583068,0.6442188195102118
1195.094,9.09597666227146,-2.737479027803481,0.0,0.0,0.0,0.764841244252094,0.6442188068435357
1195.194,9.095984084486547,-2.7374359939245902,0.0,0.0,0.0,0.7648412359189614,0.6442188167369498
1195.194,9.095984084486547,-2.7374359939245902,0.0,0.0,0.0,0.7648412359189614,0.6442188167369498
1195.294,9.095991552244294,-2.737392695988098,0.0,0.0,0.0,0.7648412620841984,0.6442187856725775
1195.397,9.096000308939997,-2.7373419247623576,0.0,0.0,0.0,0.7648398252239836,0.6442204915642983
1195.397,9.096000308939997,-2.7373419247623576,0.0,0.0,0.0,0.7648398252239836,0.6442204915642983
1195.498,9.096007546562134,-2.737299960106098,0.0,0.0,0.0,0.7648400561919867,0.6442202173513639
1195.498,9.096007546562134,-2.737299960106098,0.0,0.0,0.0,0.7648400561919867,0.6442202173513639
1195.593,9.096015052326015,-2.73725644083327,0.0,0.0,0.0,0.7648400388663892,0.6442202379208994
1195.694,9.096023444741974,-2.737207780659422,0.0,0.0,0.0,0.7648400253865912,0.6442202539245708
1195.694,9.096023444741974,-2.737207780659422,0.0,0.0,0.0,0.7648400253865912,0.6442202539245708
1195.797,9.096032274238103,-2.7371565861674387,0.0,0.0,0.0,0.7648399326236127,0.6442203640558931
1195.898,9.096040175537965,-2.737110773452308,0.0,0.0,0.0,0.7648399293141294,0.6442203679850224
1195.898,9.096040175537965,-2.737110773452308,0.0,0.0,0.0,0.7648399293141294,0.6442203679850224
1195.995,9.096047749597693,-2.7370668580951194,0.0,0.0,0.0,0.76483994192222,0.6442203530162759
1196.098,9.096055392440947,-2.7370225436017526,0.0,0.0,0.0,0.764838902406718,0.6442215871618141
1196.098,9.096055392440947,-2.7370225436017526,0.0,0.0,0.0,0.764838902406718,0.6442215871618141
1196.19,9.09606651198529,-2.736958069820469,0.0,0.0,0.0,0.7648388756063307,0.6442216189800244
1196.291,9.096074580562583,-2.7369112862274863,0.0,0.0,0.0,0.7648388325755504,0.6442216700674304
1196.291,9.096074580562583,-2.7369112862274863,0.0,0.0,0.0,0.7648388325755504,0.6442216700674304
1196.391,9.0960818562426,-2.7368691000141303,0.0,0.0,0.0,0.7648387784270171,0.6442217343541494
1196.495,9.09608969479892,-2.736823650134954,0.0,0.0,0.0,0.7648388231741556,0.6442216812290414
1196.495,9.09608969479892,-2.736823650134954,0.0,0.0,0.0,0.7648388231741556,0.6442216812290414
1196.597,9.096098197181936,-2.7367743512176452,0.0,0.0,0.0,0.7648387966841536,0.6442217126787455
1196.697,9.096106082203454,-2.736728631880859,0.0,0.0,0.0,0.7648387703563282,0.6442217439359059
1196.799,9.096114599251186,-2.736679246721859,0.0,0.0,0.0,0.7648375910491702,0.6442231440410243
1196.799,9.096114599251186,-2.736679246721859,0.0,0.0,0.0,0.7648375910491702,0.6442231440410243
1196.889,9.096120049175438,-2.736647645994851,0.0,0.0,0.0,0.7648375506071571,0.6442231920547757
1196.99,9.096127319191893,-2.7366054916503915,0.0,0.0,0.0,0.7648375566087131,0.6442231849295813
1197.092,9.096135420877378,-2.736558515012063,0.0,0.0,0.0,0.7648375730368185,0.6442231654257313
1197.092,9.096135420877378,-2.736558515012063,0.0,0.0,0.0,0.7648375730368185,0.6442231654257313
1197.196,9.096143549128506,-2.7365113843111772,0.0,0.0,0.0,0.764837520816671,0.6442232274227687
1197.298,9.096151173602637,-2.736467174694136,0.0,0.0,0.0,0.764837576589144,0.6442231612083233
1197.398,9.096158060963909,-2.736427239061614,0.0,0.0,0.0,0.7648364890251357,0.6442244523888421
1197.398,9.096158060963909,-2.736427239061614,0.0,0.0,0.0,0.7648364890251357,0.6442244523888421
1197.491,9.096165341811902,-2.736385021102019,0.0,0.0,0.0,0.7648364752427129,0.6442244687516169
1197.594,9.096173270856275,-2.736339044535225,0.0,0.0,0.0,0.7648364438636021,0.6442245060055376
1197.695,9.096181311551414,-2.736292420568922,0.0,0.0,0.0,0.7648364665017039,0.6442244791291216
1197.797,9.096189768108182,-2.7362433851933745,0.0,0.0,0.0,0.7648364052814877,0.6442245518110062
1197.797,9.096189768108182,-2.7362433851933745,0.0,0.0,0.0,0.7648364052814877,0.6442245518110062
1197.894,9.096201471737269,-2.7361755234749,0.0,0.0,0.0,0.7648384554996891,0.6442221177426697
1197.994,9.096208957195394,-2.736132120622997,0.0,0.0,0.0,0.764838438446415,0.6442221379887915
1198.094,9.096215935735785,-2.736091656279766,0.0,0.0,0.0,0.7648372536506152,0.6442235446086899
1198.196,9.096223248927807,-2.736049251339571,0.0,0.0,0.0,0.7648372416428676,0.6442235588645682
1198.296,9.096231076821043,-2.736003861962215,0.0,0.0,0.0,0.7648372118002192,0.644223594294455
1198.396,9.096237421563231,-2.735967072498943,0.0,0.0,0.0,0.7648372218054301,0.6442235824160361
1198.498,9.096245204812508,-2.7359219419385234,0.0,0.0,0.0,0.764837180525556,0.6442236314244596
1198.498,9.096245204812508,-2.7359219419385234,0.0,0.0,0.0,0.764837180525556,0.6442236314244596
1198.599,9.096252873539665,-2.7358774754590724,0.0,0.0,0.0,0.7648372162776214,0.6442235889787792
1198.699,9.09626020197856,-2.7358349821290506,0.0,0.0,0.0,0.7648372110694834,0.6442235951620015
1198.79,9.096266368585344,-2.7357992247403726,0.0,0.0,0.0,0.7648358270638536,0.6442252382820399
1198.891,9.096274820161815,-2.735750217670236,0.0,0.0,0.0,0.7648357270075143,0.6442253570707125
1198.891,9.096274820161815,-2.735750217670236,0.0,0.0,0.0,0.7648357270075143,0.6442253570707125
1198.994,9.096282786270148,-2.735704025565578,0.0,0.0,0.0,0.7648357031049936,0.6442253854482064
1199.094,9.0962911513235,-2.7356555201342396,0.0,0.0,0.0,0.7648357113082976,0.6442253757090995
1199.195,9.096299521669584,-2.735606984037725,0.0,0.0,0.0,0.7648357762717308,0.6442252985833598
1199.195,9.096299521669584,-2.735606984037725,0.0,0.0,0.0,0.7648357762717308,0.6442252985833598
1199.297,9.09630776847324,-2.7355591643338437,0.0,0.0,0.0,0.7648357285871166,0.6442253551953808
1199.395,9.096316001013005,-2.7355114272994863,0.0,0.0,0.0,0.7648356869641391,0.6442254046109123
1199.395,9.096316001013005,-2.7355114272994863,0.0,0.0,0.0,0.7648356869641391,0.6442254046109123
1199.497,9.096323487900163,-2.735468013028687,0.0,0.0,0.0,0.7648343696294148,0.6442269685705309
1199.599,9.096331145446689,-2.735423608996368,0.0,0.0,0.0,0.7648342936016984,0.6442270588315823
1199.599,9.096331145446689,-2.735423608996368,0.0,0.0,0.0,0.7648342936016984,0.6442270588315823
1199.697,9.09634389524319,-2.7353496763231058,0.0,0.0,0.0,0.7648342899016599,0.6442270632243134
1199.797,9.096351317257447,-2.735306638009137,0.0,0.0,0.0,0.7648342411680149,0.6442271210814915
1199.898,9.096359138400024,-2.7352612852127325,0.0,0.0,0.0,0.7648342037982432,0.6442271654473346
1199.898,9.096359138400024,-2.7352612852127325,0.0,0.0,0.0,0.7648342037982432,0.6442271654473346
1199.999,9.096366834413125,-2.735216657902747,0.0,0.0,0.0,0.7648341132494287,0.6442272729479559
1200.089,9.096370357314932,-2.735196229417445,0.0,0.0,0.0,0.7648326336181248,0.6442290295793595
1200.19,9.096378529034977,-2.7351488424027703,0.0,0.0,0.0,0.7648328149657876,0.6442288142822465
1200.29,9.096385939010359,-2.735105872737564,0.0,0.0,0.0,0.7648327558819368,0.6442288844269882
1200.39,9.09639378052824,-2.735060400593685,0.0,0.0,0.0,0.7648328082577103,0.6442288222461213
1200.39,9.09639378052824,-2.735060400593685,0.0,0.0,0.0,0.7648328082577103,0.6442288222461213
1200.49,9.096401604708692,-2.735015028987258,0.0,0.0,0.0,0.7648327626635553,0.6442288763758062
1200.591,9.096409175276415,-2.7349711280580373,0.0,0.0,0.0,0.764832790952714,0.6442288427907293
1200.692,9.096416981229936,-2.734925862164551,0.0,0.0,0.0,0.7648328133381345,0.6442288162146075
1200.794,9.096425156906928,-2.7348784520642946,0.0,0.0,0.0,0.764831503515414,0.644230371241803
1200.794,9.096425156906928,-2.7348784520642946,0.0,0.0,0.0,0.764831503515414,0.644230371241803
1200.895,9.096433211384005,-2.7348317438697882,0.0,0.0,0.0,0.7648314615523882,0.6442304210603825
1200.997,9.09644106175854,-2.73478621927584,0.0,0.0,0.0,0.7648315081776298,0.6442303657068116
1200.997,9.09644106175854,-2.73478621927584,0.0,0.0,0.0,0.7648315081776298,0.6442303657068116
1201.097,9.09644935976157,-2.734738098915069,0.0,0.0,0.0,0.7648315688964352,0.6442302936213241
1201.197,9.096457731643516,-2.734689550154801,0.0,0.0,0.0,0.764831569610749,0.6442302927732892
1201.197,9.096457731643516,-2.734689550154801,0.0,0.0,0.0,0.764831569610749,0.6442302927732892
1201.299,9.096465769058286,-2.734642940999781,0.0,0.0,0.0,0.7648315994819213,0.6442302573101686
1201.299,9.096465769058286,-2.734642940999781,0.0,0.0,0.0,0.7648315994819213,0.6442302573101686
1201.394,9.096476540492619,-2.7345804772345597,0.0,0.0,0.0,0.7648316284040249,0.644230222973781
1201.495,9.096483676328786,-2.7345390956247266,0.0,0.0,0.0,0.7648304881406117,0.6442315766947423
1201.495,9.096483676328786,-2.7345390956247266,0.0,0.0,0.0,0.7648304881406117,0.6442315766947423
1201.591,9.096490354249978,-2.734500369440408,0.0,0.0,0.0,0.7648304761471907,0.6442315909333084
1201.591,9.096490354249978,-2.734500369440408,0.0,0.0,0.0,0.7648304761471907,0.6442315909333084
1201.694,9.096498957291203,-2.7344504791733066,0.0,0.0,0.0,0.7648304340987537,0.6442316408531266
1201.797,9.096507114448698,-2.7344031746789663,0.0,0.0,0.0,0.7648305363433716,0.6442315194685141
1201.899,9.096515573123362,-2.73435412165271,0.0,0.0,0.0,0.7648305362558708,0.644231519572395
1201.899,9.096515573123362,-2.73435412165271,0.0,0.0,0.0,0.7648305362558708,0.644231519572395
1201.992,9.096520651895526,-2.734324669158662,0.0,0.0,0.0,0.7648305345367987,0.6442315216132743
1201.992,9.096520651895526,-2.734324669158662,0.0,0.0,0.0,0.7648305345367987,0.6442315216132743
1202.092,9.096527805385222,-2.7342831860204924,0.0,0.0,0.0,0.7648322978269735,0.6442294282324518
1202.195,9.09653555872761,-2.734238224299978,0.0,0.0,0.0,0.7648311861127483,0.6442307480626539
1202.195,9.09653555872761,-2.734238224299978,0.0,0.0,0.0,0.7648311861127483,0.6442307480626539
1202.297,9.09654300561323,-2.7341950393087875,0.0,0.0,0.0,0.7648311758881865,0.6442307602012605
1202.39,9.096549495389967,-2.7341574046459285,0.0,0.0,0.0,0.7648311325114882,0.6442308116981014
1202.491,9.096557377299463,-2.7341116968575374,0.0,0.0,0.0,0.7648310484167158,0.6442309115354427
1202.491,9.096557377299463,-2.7341116968575374,0.0,0.0,0.0,0.7648310484167158,0.6442309115354427
1202.593,9.096564954737529,-2.7340677547088688,0.0,0.0,0.0,0.7648310466164275,0.6442309136727452
1202.693,9.096573077009339,-2.7340206529972875,0.0,0.0,0.0,0.7648310129726759,0.6442309536146106
1202.795,9.096581581670284,-2.73397133371322,0.0,0.0,0.0,0.7648309682295295,0.644231006733672
1202.897,9.096589921775296,-2.7339229681662602,0.0,0.0,0.0,0.7648300591141695,0.6442320860337647
1202.999,9.096598299025622,-2.733874386887037,0.0,0.0,0.0,0.7648299441346906,0.6442322225369715
1202.999,9.096598299025622,-2.733874386887037,0.0,0.0,0.0,0.7648299441346906,0.6442322225369715
1203.094,9.096610039320195,-2.7338063024947146,0.0,0.0,0.0,0.764829848751088,0.6442323357759899
1203.197,9.0966191465399,-2.733753487837469,0.0,0.0,0.0,0.7648299361225319,0.6442322320489746
1203.296,9.096625529321273,-2.7337164728421626,0.0,0.0,0.0,0.7648299106811,0.6442322622529398
1203.396,9.09663250215191,-2.7336760359172407,0.0,0.0,0.0,0.7648298444438943,0.6442323408894716
1203.396,9.09663250215191,-2.7336760359172407,0.0,0.0,0.0,0.7648298444438943,0.6442323408894716
1203.497,9.096639726696571,-2.733634139252292,0.0,0.0,0.0,0.7648298492376425,0.6442323351983545
1203.597,9.096647203848166,-2.7335907769231094,0.0,0.0,0.0,0.7648288068630588,0.6442335726989319
1203.689,9.096652749956435,-2.73355861324962,0.0,0.0,0.0,0.7648288408582224,0.6442335323401506
1203.799,9.096661945312581,-2.7335052864313836,0.0,0.0,0.0,0.7648288279222688,0.6442335476976099
1203.899,9.096670092276351,-2.733458039583949,0.0,0.0,0.0,0.7648288521444303,0.6442335189412556
1203.999,9.096677385130832,-2.733415746002176,0.0,0.0,0.0,0.7648288097874122,0.6442335692271635
1204.099,9.09668444582616,-2.7333747987308503,0.0,0.0,0.0,0.7648286819383756,0.6442337210084607
1204.099,9.09668444582616,-2.7333747987308503,0.0,0.0,0.0,0.7648286819383756,0.6442337210084607
1204.191,9.09669127217901,-2.7333352104252686,0.0,0.0,0.0,0.7648286516805174,0.6442337569303256
1204.292,9.09670000457197,-2.7332845678343887,0.0,0.0,0.0,0.7648276715284084,0.6442349205564947
1204.393,9.096708250402806,-2.7332367465582323,0.0,0.0,0.0,0.7648276065350138,0.6442349977158351
1204.495,9.096716234422443,-2.733190443647423,0.0,0.0,0.0,0.7648276082811191,0.6442349956428811
1204.597,9.096723884898372,-2.733146075039099,0.0,0.0,0.0,0.7648274956200712,0.6442351293926232
1204.597,9.096723884898372,-2.733146075039099,0.0,0.0,0.0,0.7648274956200712,0.6442351293926232
1204.699,9.096731455859043,-2.7331021675728056,0.0,0.0,0.0,0.764827537169039,0.6442350800662304
1204.793,9.0967426414634,-2.7330372971459336,0.0,0.0,0.0,0.7648275705984453,0.6442350403792704
1204.895,9.096750724474791,-2.7329904201099717,0.0,0.0,0.0,0.7648275970049091,0.6442350090298542
1204.995,9.096758253629728,-2.7329467543801487,0.0,0.0,0.0,0.7648266978906663,0.6442360764453194
1205.096,9.09676557387451,-2.7329043002618505,0.0,0.0,0.0,0.7648266723760594,0.6442361067358487
1205.096,9.09676557387451,-2.7329043002618505,0.0,0.0,0.0,0.7648266723760594,0.6442361067358487
1205.196,9.096773243207823,-2.732859821502108,0.0,0.0,0.0,0.7648265658874823,0.6442362331573417
1205.296,9.096779869715238,-2.7328213906627297,0.0,0.0,0.0,0.764826592519445,0.6442362015403161
1205.397,9.09678781802803,-2.7327752939554317,0.0,0.0,0.0,0.7648266166843402,0.6442361728521501
1205.497,9.096795759588277,-2.73272923642674,0.0,0.0,0.0,0.764826624667464,0.6442361633747162
1205.598,9.096803382246991,-2.7326850283733304,0.0,0.0,0.0,0.764826556980113,0.6442362437320225
1205.598,9.096803382246991,-2.7326850283733304,0.0,0.0,0.0,0.764826556980113,0.6442362437320225
1205.699,9.096811745167518,-2.732636526560431,0.0,0.0,0.0,0.7648256261963601,0.6442373487413979
1205.799,9.09682041571165,-2.7325862402600376,0.0,0.0,0.0,0.7648255269983244,0.644237466507293
1205.899,9.096828535910717,-2.7325391457101675,0.0,0.0,0.0,0.7648254682278877,0.6442375362783455
1205.991,9.096835890110352,-2.7324964936804053,0.0,0.0,0.0,0.7648254066927014,0.6442376093316378
1206.093,9.096844080091145,-2.7324489943534664,0.0,0.0,0.0,0.7648253874317372,0.6442376321978506
1206.093,9.096844080091145,-2.7324489943534664,0.0,0.0,0.0,0.7648253874317372,0.6442376321978506
1206.195,9.096852403825087,-2.7324007192469106,0.0,0.0,0.0,0.7648253158512524,0.6442377171766894
1206.297,9.096860134769768,-2.7323558823159635,0.0,0.0,0.0,0.7648271598108067,0.6442355280607664
1206.399,9.0968688429879,-2.732305378589194,0.0,0.0,0.0,0.7648259638940146,0.6442369478333196
1206.492,9.096878753060713,-2.732247903837908,0.0,0.0,0.0,0.7648259666064243,0.6442369446131979
1206.592,9.096885751759109,-2.7322073140364362,0.0,0.0,0.0,0.7648260320956903,0.6442368668655668
1206.592,9.096885751759109,-2.7322073140364362,0.0,0.0,0.0,0.7648260320956903,0.6442368668655668
1206.693,9.096893731280602,-2.732161035850058,0.0,0.0,0.0,0.7648260730916091,0.644236818195971
1206.793,9.09690096649708,-2.732119074415254,0.0,0.0,0.0,0.7648261244903323,0.6442367571763494
1206.894,9.096908906053198,-2.7320730280857473,0.0,0.0,0.0,0.7648261278163758,0.6442367532277313
1206.894,9.096908906053198,-2.7320730280857473,0.0,0.0,0.0,0.7648261278163758,0.6442367532277313
1206.998,9.096917200889362,-2.7320249213224383,0.0,0.0,0.0,0.7648262080698907,0.6442366579522095
1207.09,9.096922592962823,-2.7319936491933206,0.0,0.0,0.0,0.7648252396996329,0.6442378075822616
1207.192,9.09693154954328,-2.731941703624754,0.0,0.0,0.0,0.7648252046835291,0.644237849152623
1207.293,9.09693959361354,-2.7318950502937724,0.0,0.0,0.0,0.7648250976311849,0.6442379762428233
1207.293,9.09693959361354,-2.7318950502937724,0.0,0.0,0.0,0.7648250976311849,0.6442379762428233
1207.397,9.096947666643239,-2.731848228971879,0.0,0.0,0.0,0.7648251202423013,0.6442379493994043
1207.497,9.096955590451513,-2.7318022731009184,0.0,0.0,0.0,0.7648250882672379,0.6442379873594941
1207.599,9.09696380806894,-2.7317546132348354,0.0,0.0,0.0,0.7648251296201944,0.6442379382661757
1207.599,9.09696380806894,-2.7317546132348354,0.0,0.0,0.0,0.7648251296201944,0.6442379382661757
1207.699,9.09697186886896,-2.7317078628613176,0.0,0.0,0.0,0.7648250731843824,0.6442380052655261
1207.793,9.096979399562109,-2.731664186870163,0.0,0.0,0.0,0.764823880624101,0.6442394210439865
1207.895,9.096987560898887,-2.7316168523733357,0.0,0.0,0.0,0.7648239222980453,0.6442393715697866
1207.997,9.096995377339512,-2.731571518232002,0.0,0.0,0.0,0.7648239515267593,0.6442393368702298
1207.997,9.096995377339512,-2.731571518232002,0.0,0.0,0.0,0.7648239515267593,0.6442393368702298
1208.099,9.097003457226693,-2.731524656115044,0.0,0.0,0.0,0.7648238758298381,0.6442394267356076
1208.193,9.097014482073332,-2.7314607136292297,0.0,0.0,0.0,0.764823874174641,0.6442394287006135
1208.293,9.097021272351702,-2.7314213309560436,0.0,0.0,0.0,0.7648237924116256,0.6442395257674731
1208.293,9.097021272351702,-2.7314213309560436,0.0,0.0,0.0,0.7648237924116256,0.6442395257674731
1208.393,9.097029049943686,-2.7313762220212747,0.0,0.0,0.0,0.7648238058011326,0.6442395098718111
1208.493,9.097036062579505,-2.731335549719199,0.0,0.0,0.0,0.7648237807245064,0.6442395396421056
1208.594,9.09704346176732,-2.7312926345806403,0.0,0.0,0.0,0.7648227767513963,0.6442407315299801
1208.594,9.09704346176732,-2.7312926345806403,0.0,0.0,0.0,0.7648227767513963,0.6442407315299801
1208.695,9.09705099736415,-2.731248928285512,0.0,0.0,0.0,0.7648227140379957,0.6442408059813924
1208.796,9.09705882121491,-2.7312035501475327,0.0,0.0,0.0,0.764822761747843,0.6442407493417365
1208.896,9.09706686777214,-2.731156880319612,0.0,0.0,0.0,0.7648227173333146,0.644240802069292
1208.996,9.097074439511664,-2.7311129644044634,0.0,0.0,0.0,0.7648226828910514,0.6442408429580776
1208.996,9.097074439511664,-2.7311129644044634,0.0,0.0,0.0,0.7648226828910514,0.6442408429580776
1209.097,9.097082328195372,-2.7310672101686304,0.0,0.0,0.0,0.7648226314512068,0.6442409040258554
1209.197,9.097090578028737,-2.7310193612374705,0.0,0.0,0.0,0.7648226254440131,0.6442409111574076
1209.298,9.097098331750844,-2.7309743891756586,0.0,0.0,0.0,0.764821563348191,0.6442421720421825
1209.399,9.09710596298066,-2.7309301272274773,0.0,0.0,0.0,0.7648214565947309,0.6442422987761003
1209.399,9.09710596298066,-2.7309301272274773,0.0,0.0,0.0,0.7648214565947309,0.6442422987761003
1209.493,9.097113790110203,-2.730884729008077,0.0,0.0,0.0,0.7648214642014072,0.6442422897457257
1209.595,9.097121907354385,-2.7308376480962107,0.0,0.0,0.0,0.7648214649465777,0.6442422888610859
1209.697,9.097129353033703,-2.7307944623210014,0.0,0.0,0.0,0.7648214432700389,0.6442423145946987
1209.799,9.09713839499192,-2.7307420179466084,0.0,0.0,0.0,0.7648214608788043,0.6442422936902013
1209.799,9.09713839499192,-2.7307420179466084,0.0,0.0,0.0,0.7648214608788043,0.6442422936902013
1209.896,9.097149968187347,-2.7306748921541995,0.0,0.0,0.0,0.764821508842659,0.6442422367492203
1209.997,9.097156507234295,-2.730636964168375,0.0,0.0,0.0,0.7648204099211928,0.6442435413475082
1210.098,9.097164440701569,-2.7305909482582233,0.0,0.0,0.0,0.7648203775198764,0.6442435798130656
1210.098,9.097164440701569,-2.7305909482582233,0.0,0.0,0.0,0.7648203775198764,0.6442435798130656
1210.191,9.09716861427017,-2.7305667406050604,0.0,0.0,0.0,0.7648203534995367,0.6442436083290572
1210.291,9.097176335126802,-2.730521957856628,0.0,0.0,0.0,0.7648203435007909,0.6442436201991699
1210.291,9.097176335126802,-2.730521957856628,0.0,0.0,0.0,0.7648203435007909,0.6442436201991699
1210.394,9.09718486215413,-2.7304724990994136,0.0,0.0,0.0,0.7648202713309666,0.6442437058762984
1210.495,9.097193321317393,-2.7304234339167506,0.0,0.0,0.0,0.7648202701155367,0.6442437073192082
1210.595,9.09720043124499,-2.730382194989485,0.0,0.0,0.0,0.7648219532240481,0.6442417091950443
1210.696,9.097208776520173,-2.7303337917511867,0.0,0.0,0.0,0.7648207355239254,0.644243154804645
1210.797,9.097217048806032,-2.730285810985084,0.0,0.0,0.0,0.7648208538591867,0.6442430143215404
1210.898,9.097224854460201,-2.730240536759976,0.0,0.0,0.0,0.7648207791415658,0.6442431030234537
1210.898,9.097224854460201,-2.730240536759976,0.0,0.0,0.0,0.7648207791415658,0.6442431030234537
1210.999,9.09723278764257,-2.730194522850092,0.0,0.0,0.0,0.7648207601711788,0.644243125544371
1211.091,9.097240318453224,-2.73015084270974,0.0,0.0,0.0,0.7648207468515049,0.6442431413569772
1211.193,9.097248550080534,-2.730103097646943,0.0,0.0,0.0,0.7648206374553874,0.6442432712278295
1211.295,9.097255543583133,-2.730062533960639,0.0,0.0,0.0,0.7648207307909396,0.644243160423464
1211.397,9.097263597535537,-2.7300158194954145,0.0,0.0,0.0,0.7648206959484525,0.6442432017871239
1211.397,9.097263597535537,-2.7300158194954145,0.0,0.0,0.0,0.7648206959484525,0.6442432017871239
1211.499,9.097271959275039,-2.729967319011216,0.0,0.0,0.0,0.7648195359267969,0.6442445789176026
1211.591,9.09728097036632,-2.7299150517943587,0.0,0.0,0.0,0.7648195149756235,0.6442446037899363
1211.691,9.097288275838839,-2.729872677696217,0.0,0.0,0.0,0.7648194783719005,0.6442446472443012
1211.791,9.097294953497695,-2.7298339450891125,0.0,0.0,0.0,0.7648194522375816,0.6442446782698368
1211.892,9.09730310481813,-2.729786664741558,0.0,0.0,0.0,0.7648194237200326,0.6442447121246375
1211.994,9.097311501391095,-2.7297379618304896,0.0,0.0,0.0,0.7648193773732099,0.6442447671455745
1211.994,9.097311501391095,-2.7297379618304896,0.0,0.0,0.0,0.7648193773732099,0.6442447671455745
1212.095,9.097319144246935,-2.729693630672694,0.0,0.0,0.0,0.7648193603472555,0.6442447873580468
1212.196,9.097326740602915,-2.7296495688149993,0.0,0.0,0.0,0.7648183405039407,0.6442459980696801
1212.297,9.09733480497384,-2.729602791840341,0.0,0.0,0.0,0.7648183118301844,0.6442460321098041
1212.398,9.097343090708257,-2.7295547308582297,0.0,0.0,0.0,0.764818319388524,0.6442460231369022
1212.499,9.097351509483476,-2.7295058981634734,0.0,0.0,0.0,0.7648182477470274,0.6442461081862789
1212.499,9.097351509483476,-2.7295058981634734,0.0,0.0,0.0,0.7648182477470274,0.6442461081862789
1212.59,9.097358618911544,-2.7294646602383246,0.0,0.0,0.0,0.764818281046407,0.6442460686548418
1212.691,9.097366372810766,-2.72941968409238,0.0,0.0,0.0,0.7648182673151874,0.6442460849558921
1212.792,9.097373968272239,-2.7293756269812715,0.0,0.0,0.0,0.7648183105182799,0.6442460336672349
1212.893,9.097381989578654,-2.729329099790048,0.0,0.0,0.0,0.7648183317060658,0.6442460085141003
1212.995,9.097389546523756,-2.729285265379772,0.0,0.0,0.0,0.7648173274153167,0.6442472007586003
1212.995,9.097389546523756,-2.729285265379772,0.0,0.0,0.0,0.7648173274153167,0.6442472007586003
1213.097,9.097397030097634,-2.729241856475353,0.0,0.0,0.0,0.7648172682648865,0.6442472709789593
1213.199,9.09740526180279,-2.7291941079614355,0.0,0.0,0.0,0.7648172809910455,0.6442472558711166
1213.291,9.097415727692706,-2.72913339990299,0.0,0.0,0.0,0.7648172393944981,0.6442473052524
1213.391,9.09742335519578,-2.7290891561290134,0.0,0.0,0.0,0.7648173188966124,0.6442472108715702
1213.491,9.097430874255044,-2.7290455413993797,0.0,0.0,0.0,0.7648173136298312,0.6442472171240233
1213.491,9.097430874255044,-2.7290455413993797,0.0,0.0,0.0,0.7648173136298312,0.6442472171240233
1213.592,9.097438645240569,-2.729000465321427,0.0,0.0,0.0,0.7648173018755765,0.6442472310780725
1213.693,9.097446609790918,-2.7289542658109087,0.0,0.0,0.0,0.7648161366488695,0.6442486143729746
1213.793,9.09745382794461,-2.7289123955897225,0.0,0.0,0.0,0.7648161531927719,0.644248594732973
1213.893,9.097460745006812,-2.728872271925696,0.0,0.0,0.0,0.7648162075492707,0.6442485302039508
1213.994,9.097468027391404,-2.7288300291480927,0.0,0.0,0.0,0.7648161957605243,0.644248544198898
1213.994,9.097468027391404,-2.7288300291480927,0.0,0.0,0.0,0.7648161957605243,0.644248544198898
1214.095,9.097475952547974,-2.7287840578632805,0.0,0.0,0.0,0.764816204816512,0.6442485334481307
1214.196,9.0974836241875,-2.7287395571488755,0.0,0.0,0.0,0.7648161342229634,0.6442486172528755
1214.296,9.097491768786634,-2.7286923128908573,0.0,0.0,0.0,0.764816088332654,0.6442486717312951
1214.396,9.097499323269131,-2.7286484916512164,0.0,0.0,0.0,0.7648151592193725,0.6442497747211449
1214.396,9.097499323269131,-2.7286484916512164,0.0,0.0,0.0,0.7648151592193725,0.6442497747211449
1214.497,9.097507239105497,-2.728602573609561,0.0,0.0,0.0,0.764815270823417,0.6442496422314127
1214.597,9.09751520599914,-2.7285563594443487,0.0,0.0,0.0,0.7648152642816184,0.644249649997451
1214.699,9.097523121614506,-2.7285104427448346,0.0,0.0,0.0,0.7648153239005573,0.6442495792213493
1214.797,9.097530499646014,-2.7284676444881932,0.0,0.0,0.0,0.7648153330780778,0.644249568326335
1214.797,9.097530499646014,-2.7284676444881932,0.0,0.0,0.0,0.7648153330780778,0.644249568326335
1214.899,9.09753890279102,-2.728418899768317,0.0,0.0,0.0,0.764815369666433,0.6442495248907812
1214.994,9.0975511714697,-2.7283477338922837,0.0,0.0,0.0,0.7648171987191345,0.6442473535400949
1215.094,9.097558540537369,-2.728304989083349,0.0,0.0,0.0,0.7648171550686406,0.6442474053597042
1215.094,9.097558540537369,-2.728304989083349,0.0,0.0,0.0,0.7648171550686406,0.6442474053597042
1215.196,9.097566101055875,-2.728261132883552,0.0,0.0,0.0,0.7648160532673297,0.6442487133588899
1215.297,9.097573457220971,-2.7282184620435443,0.0,0.0,0.0,0.7648160531164697,0.6442487135379824
1215.397,9.097580196478752,-2.7281793696599905,0.0,0.0,0.0,0.7648160372309257,0.6442487323964117
1215.497,9.097586688264752,-2.7281417127379095,0.0,0.0,0.0,0.7648159473611249,0.6442488390847941
1215.588,9.097591821677245,-2.7281119353022607,0.0,0.0,0.0,0.7648159028461762,0.6442488919304311
1215.588,9.097591821677245,-2.7281119353022607,0.0,0.0,0.0,0.7648159028461762,0.6442488919304311
1215.69,9.097599792517093,-2.728065698784755,0.0,0.0,0.0,0.7648159344431342,0.6442488544203051
1215.791,9.09760767157189,-2.728019994641082,0.0,0.0,0.0,0.7648158375755584,0.6442489694160147
1215.893,9.097614652946403,-2.7279794976637213,0.0,0.0,0.0,0.7648156491128979,0.6442491931481301
1215.893,9.097614652946403,-2.7279794976637213,0.0,0.0,0.0,0.7648156491128979,0.6442491931481301
